Failed_Logins,Data_Transferred_MB,Threat_Cluster
16,693.9752406339273,2
18,586.4140429973844,2
23,548.1765486991594,2
18,544.0771187988216,2
20,541.8316606002313,2
20,535.3415558780308,2
16,525.8928589786765,2
23,509.4754341665286,2
16,506.390912005236,2
19,505.2489954417148,2
22,505.0052099024552,2
21,504.3298029036388,2
24,494.04747379603987,2
20,478.1191423969376,2
21,462.2297503032284,2
19,460.537550614596,2
16,460.42011039518763,2
17,454.88600703257043,2
18,443.7406872100478,2
21,440.166037320525,2
21,417.51686164913775,2
22,389.86323560487864,2
21,379.80083121932444,2
20,351.03718634296627,2
24,290.70062664683303,2
23,200.05942851264268,2
